{"cameraMode":{"drawMode":0,"name":"Shaded","section":"Shading Mode"},"sceneLighting":false,"audioPlay":false,"sceneViewState":{"showFog":false,"showMaterialUpdate":false,"showSkybox":false,"showFlares":false,"showImageEffects":false,"showParticleSystems":true},"in2DMode":false,"pivot":{"x":764.0001220703125,"y":279.9999694824219,"z":-0.000010609626770019531},"rotation":{"x":0.1582564264535904,"y":-0.29284417629241946,"z":0.04921569675207138,"w":0.9416873455047607},"size":2469.380615234375,"orthographic":true}