{"cameraMode":{"drawMode":0,"name":"Shaded","section":"Shading Mode"},"sceneLighting":true,"audioPlay":false,"sceneViewState":{"showFog":false,"showMaterialUpdate":false,"showSkybox":false,"showFlares":false,"showImageEffects":false,"showParticleSystems":true},"in2DMode":false,"pivot":{"x":380.2906188964844,"y":201.35848999023438,"z":-31.221073150634767},"rotation":{"x":-0.19958771765232087,"y":0.23352351784706117,"z":-0.04904358834028244,"w":-0.9503822326660156},"size":1450.7701416015625,"orthographic":true}