{"cameraMode":{"drawMode":0,"name":"Shaded","section":"Shading Mode"},"sceneLighting":false,"audioPlay":false,"sceneViewState":{"showFog":false,"showMaterialUpdate":false,"showSkybox":false,"showFlares":false,"showImageEffects":false,"showParticleSystems":true},"in2DMode":false,"pivot":{"x":1683.7923583984375,"y":558.9179077148438,"z":-100.73663330078125},"rotation":{"x":-0.08042601495981217,"y":0.16141121089458466,"z":-0.013199186883866787,"w":-0.9835160970687866},"size":1017.242431640625,"orthographic":false}