{"cameraMode":{"drawMode":0,"name":"Shaded","section":"Shading Mode"},"sceneLighting":false,"audioPlay":false,"sceneViewState":{"showFog":false,"showMaterialUpdate":false,"showSkybox":false,"showFlares":false,"showImageEffects":false,"showParticleSystems":true},"in2DMode":false,"pivot":{"x":765.0,"y":252.9770965576172,"z":0.12191999703645706},"rotation":{"x":0.059595733880996707,"y":-0.11057120561599732,"z":0.006643896922469139,"w":0.9920576214790344},"size":1.3996294736862183,"orthographic":true}