{"cameraMode":{"drawMode":0,"name":"Shaded","section":"Shading Mode"},"sceneLighting":false,"audioPlay":false,"sceneViewState":{"showFog":false,"showMaterialUpdate":false,"showSkybox":false,"showFlares":false,"showImageEffects":false,"showParticleSystems":true},"in2DMode":false,"pivot":{"x":-0.13650000095367433,"y":-0.29848653078079226,"z":-0.00011206232011318207},"rotation":{"x":0.07401207089424133,"y":-0.24860970675945283,"z":0.019057683646678926,"w":0.9655839204788208},"size":0.37150079011917117,"orthographic":true}