{"cameraMode":{"drawMode":0,"name":"Shaded","section":"Shading Mode"},"sceneLighting":false,"audioPlay":false,"sceneViewState":{"showFog":false,"showMaterialUpdate":false,"showSkybox":false,"showFlares":false,"showImageEffects":false,"showParticleSystems":true},"in2DMode":false,"pivot":{"x":0.5766563415527344,"y":-0.45108795166015627,"z":3.6967992782592775},"rotation":{"x":0.06295522302389145,"y":0.009056484326720238,"z":0.0005679100286215544,"w":-0.9979751110076904},"size":76.67965698242188,"orthographic":true}