{"cameraMode":{"drawMode":0,"name":"Shaded","section":"Shading Mode"},"sceneLighting":false,"audioPlay":false,"sceneViewState":{"showFog":false,"showMaterialUpdate":false,"showSkybox":false,"showFlares":false,"showImageEffects":false,"showParticleSystems":true},"in2DMode":false,"pivot":{"x":-0.0000019073486328125,"y":-9.5367431640625e-7,"z":0.7499995231628418},"rotation":{"x":-0.19958771765232087,"y":0.23352351784706117,"z":-0.04904358834028244,"w":-0.9503822326660156},"size":70.4382095336914,"orthographic":true}