{"cameraMode":{"drawMode":0,"name":"Shaded","section":"Shading Mode"},"sceneLighting":false,"audioPlay":false,"sceneViewState":{"showFog":false,"showMaterialUpdate":false,"showSkybox":false,"showFlares":false,"showImageEffects":false,"showParticleSystems":true},"in2DMode":false,"pivot":{"x":135.9199981689453,"y":-16.850000381469728,"z":1635.7099609375},"rotation":{"x":-0.2188691943883896,"y":0.7810969948768616,"z":-0.4096333086490631,"w":-0.4173539876937866},"size":60.66393280029297,"orthographic":true}