{"cameraMode":{"drawMode":0,"name":"Shaded","section":"Shading Mode"},"sceneLighting":false,"audioPlay":false,"sceneViewState":{"showFog":false,"showMaterialUpdate":false,"showSkybox":false,"showFlares":false,"showImageEffects":false,"showParticleSystems":false},"in2DMode":false,"pivot":{"x":-36.53336715698242,"y":20.813079833984376,"z":2.9965572357177736},"rotation":{"x":-0.019803455099463464,"y":-0.02639479748904705,"z":0.0005230890237726271,"w":-0.9994552731513977},"size":3.733255624771118,"orthographic":false}