{"cameraMode":{"drawMode":0,"name":"Shaded","section":"Shading Mode"},"sceneLighting":false,"audioPlay":false,"sceneViewState":{"showFog":false,"showMaterialUpdate":false,"showSkybox":false,"showFlares":false,"showImageEffects":false,"showParticleSystems":true},"in2DMode":false,"pivot":{"x":-8.344650268554688e-7,"y":-1.702864170074463,"z":-0.4990200996398926},"rotation":{"x":-0.11374055594205857,"y":0.015212342143058777,"z":-0.001743051689118147,"w":-0.9933925271034241},"size":24.95182991027832,"orthographic":true}