{"cameraMode":{"drawMode":0,"name":"Shaded","section":"Shading Mode"},"sceneLighting":false,"audioPlay":false,"sceneViewState":{"showFog":false,"showMaterialUpdate":false,"showSkybox":false,"showFlares":false,"showImageEffects":false,"showParticleSystems":true},"in2DMode":false,"pivot":{"x":0.0,"y":-0.000003337860107421875,"z":-4.76837158203125e-7},"rotation":{"x":0.0028846317436546089,"y":0.2739492654800415,"z":0.0008204863988794386,"w":-0.9617394804954529},"size":26.607698440551759,"orthographic":true}