{"cameraMode":{"drawMode":0,"name":"Shaded","section":"Shading Mode"},"sceneLighting":false,"audioPlay":false,"sceneViewState":{"showFog":false,"showMaterialUpdate":false,"showSkybox":false,"showFlares":false,"showImageEffects":false,"showParticleSystems":true},"in2DMode":false,"pivot":{"x":0.0,"y":-0.0000014603137969970704,"z":-2.384185791015625e-7},"rotation":{"x":-0.17902137339115144,"y":-0.010022096335887909,"z":0.0018222542712464929,"w":-0.9837925434112549},"size":1.8673804998397828,"orthographic":true}