{"cameraMode":{"drawMode":0,"name":"Shaded","section":"Shading Mode"},"sceneLighting":false,"audioPlay":false,"sceneViewState":{"showFog":false,"showMaterialUpdate":false,"showSkybox":false,"showFlares":false,"showImageEffects":false,"showParticleSystems":true},"in2DMode":false,"pivot":{"x":-0.12927502393722535,"y":-0.23115001618862153,"z":-3.2574000358581545},"rotation":{"x":-0.047352708876132968,"y":-0.1611044853925705,"z":-0.007737425621598959,"w":0.9857704043388367},"size":2.0215015411376955,"orthographic":true}