{"cameraMode":{"drawMode":0,"name":"Shaded","section":"Shading Mode"},"sceneLighting":false,"audioPlay":false,"sceneViewState":{"showFog":false,"showMaterialUpdate":false,"showSkybox":false,"showFlares":false,"showImageEffects":false,"showParticleSystems":true},"in2DMode":false,"pivot":{"x":-0.10921850800514221,"y":-0.2999350428581238,"z":-0.6482332348823547},"rotation":{"x":-0.019803455099463464,"y":-0.02639479748904705,"z":0.0005230890237726271,"w":-0.9994552731513977},"size":0.39882588386535647,"orthographic":false}