{"cameraMode":{"drawMode":0,"name":"Shaded","section":"Shading Mode"},"sceneLighting":false,"audioPlay":false,"sceneViewState":{"showFog":false,"showMaterialUpdate":false,"showSkybox":false,"showFlares":false,"showImageEffects":false,"showParticleSystems":true},"in2DMode":false,"pivot":{"x":-0.23500004410743714,"y":-0.0976865142583847,"z":-3.257512092590332},"rotation":{"x":-0.019803455099463464,"y":-0.02639479748904705,"z":0.0005230890237726271,"w":-0.9994552731513977},"size":22.0,"orthographic":false}