{"cameraMode":{"drawMode":0,"name":"Shaded","section":"Shading Mode"},"sceneLighting":false,"audioPlay":false,"sceneViewState":{"showFog":false,"showMaterialUpdate":false,"showSkybox":false,"showFlares":false,"showImageEffects":false,"showParticleSystems":true},"in2DMode":false,"pivot":{"x":-0.418548583984375,"y":-0.5022192001342773,"z":-1.53267502784729},"rotation":{"x":0.13891276717185975,"y":-0.24819499254226685,"z":0.03600430116057396,"w":0.9580219984054565},"size":3.323456048965454,"orthographic":true}