{"cameraMode":{"drawMode":0,"name":"Shaded","section":"Shading Mode"},"sceneLighting":false,"audioPlay":false,"sceneViewState":{"showFog":false,"showMaterialUpdate":false,"showSkybox":false,"showFlares":false,"showImageEffects":false,"showParticleSystems":true},"in2DMode":false,"pivot":{"x":0.5,"y":-0.9300000667572022,"z":3.009999990463257},"rotation":{"x":-0.05791160836815834,"y":-0.19571328163146974,"z":0.01157862227410078,"w":-0.9788813591003418},"size":1.4289419651031495,"orthographic":true}