{"cameraMode":{"drawMode":0,"name":"Shaded","section":"Shading Mode"},"sceneLighting":false,"audioPlay":false,"sceneViewState":{"showFog":false,"showMaterialUpdate":false,"showSkybox":false,"showFlares":false,"showImageEffects":false,"showParticleSystems":true},"in2DMode":false,"pivot":{"x":1138.6173095703125,"y":-162.00927734375,"z":1289.7088623046875},"rotation":{"x":-0.23490943014621736,"y":-0.6814529895782471,"z":0.24720609188079835,"w":-0.6475558876991272},"size":2056.106201171875,"orthographic":false}