{"cameraMode":{"drawMode":0,"name":"Shaded","section":"Shading Mode"},"sceneLighting":false,"audioPlay":false,"sceneViewState":{"showFog":false,"showMaterialUpdate":false,"showSkybox":false,"showFlares":false,"showImageEffects":false,"showParticleSystems":true},"in2DMode":false,"pivot":{"x":203.5,"y":-1.5000003576278687,"z":-0.629775881767273},"rotation":{"x":-0.011576046235859394,"y":-0.26374778151512148,"z":0.0031619758810847999,"w":-0.9645170569419861},"size":5.913514614105225,"orthographic":true}