{"cameraMode":{"drawMode":0,"name":"Shaded","section":"Shading Mode"},"sceneLighting":false,"audioPlay":false,"sceneViewState":{"showFog":false,"showMaterialUpdate":false,"showSkybox":false,"showFlares":false,"showImageEffects":false,"showParticleSystems":true},"in2DMode":false,"pivot":{"x":-0.08700001239776612,"y":-0.09800000488758087,"z":-3.259000062942505},"rotation":{"x":0.2339959442615509,"y":-0.040819913148880008,"z":0.009833579882979393,"w":0.9713305234909058},"size":0.848490834236145,"orthographic":true}