{"cameraMode":{"drawMode":0,"name":"Shaded","section":"Shading Mode"},"sceneLighting":false,"audioPlay":false,"sceneViewState":{"showFog":false,"showMaterialUpdate":false,"showSkybox":false,"showFlares":false,"showImageEffects":false,"showParticleSystems":true},"in2DMode":false,"pivot":{"x":1.9925341606140137,"y":-1.3177448511123658,"z":-0.2344023436307907},"rotation":{"x":-0.017997322604060174,"y":0.016810014843940736,"z":-0.00030438174144364893,"w":-0.9996967315673828},"size":12.491085052490235,"orthographic":true}