{"cameraMode":{"drawMode":0,"name":"Shaded","section":"Shading Mode"},"sceneLighting":false,"audioPlay":false,"sceneViewState":{"showFog":false,"showMaterialUpdate":false,"showSkybox":false,"showFlares":false,"showImageEffects":false,"showParticleSystems":true},"in2DMode":false,"pivot":{"x":-0.13650000095367433,"y":-0.23148654401302339,"z":-0.00011206232011318207},"rotation":{"x":0.04798472672700882,"y":-0.7163419127464294,"z":0.04950796440243721,"w":0.6943346261978149},"size":0.37150079011917117,"orthographic":true}