{"cameraMode":{"drawMode":0,"name":"Shaded","section":"Shading Mode"},"sceneLighting":false,"audioPlay":false,"sceneViewState":{"showFog":false,"showMaterialUpdate":false,"showSkybox":false,"showFlares":false,"showImageEffects":false,"showParticleSystems":true},"in2DMode":false,"pivot":{"x":0.6263850927352905,"y":-0.0517616868019104,"z":-0.0027674990706145765},"rotation":{"x":-0.11437191814184189,"y":-0.12187137454748154,"z":-0.014137833379209042,"w":0.9858329892158508},"size":2.460780143737793,"orthographic":true}