{"cameraMode":{"drawMode":0,"name":"Shaded","section":"Shading Mode"},"sceneLighting":false,"audioPlay":false,"sceneViewState":{"showFog":false,"showMaterialUpdate":false,"showSkybox":false,"showFlares":false,"showImageEffects":false,"showParticleSystems":true},"in2DMode":false,"pivot":{"x":-0.20557837188243867,"y":-0.05666513368487358,"z":-3.0379273891448976},"rotation":{"x":-0.0029942826367914678,"y":-0.05696729198098183,"z":-0.0001693000376690179,"w":0.9983715415000916},"size":22.0,"orthographic":true}