{"cameraMode":{"drawMode":0,"name":"Shaded","section":"Shading Mode"},"sceneLighting":false,"audioPlay":false,"sceneViewState":{"showFog":false,"showMaterialUpdate":false,"showSkybox":false,"showFlares":false,"showImageEffects":false,"showParticleSystems":true},"in2DMode":false,"pivot":{"x":-0.0000629425048828125,"y":-0.059018492698669437,"z":0.02415373921394348},"rotation":{"x":0.018786359578371049,"y":0.7517018914222717,"z":-0.02142632007598877,"w":0.6588872075080872},"size":3.1179211139678957,"orthographic":true}