{"cameraMode":{"drawMode":0,"name":"Shaded","section":"Shading Mode"},"sceneLighting":false,"audioPlay":false,"sceneViewState":{"showFog":false,"showMaterialUpdate":false,"showSkybox":false,"showFlares":false,"showImageEffects":false,"showParticleSystems":true},"in2DMode":false,"pivot":{"x":761.1185913085938,"y":252.9586639404297,"z":-0.22107267379760743},"rotation":{"x":0.059595733880996707,"y":-0.11057120561599732,"z":0.006643896922469139,"w":0.9920576214790344},"size":0.1673172414302826,"orthographic":true}