{"cameraMode":{"drawMode":0,"name":"Shaded","section":"Shading Mode"},"sceneLighting":false,"audioPlay":false,"sceneViewState":{"showFog":false,"showMaterialUpdate":false,"showSkybox":false,"showFlares":false,"showImageEffects":false,"showParticleSystems":true},"in2DMode":false,"pivot":{"x":0.0,"y":1.3299996852874756,"z":7.210000038146973},"rotation":{"x":0.2550492584705353,"y":-0.026979247108101846,"z":0.0071184951812028889,"w":0.9665254354476929},"size":59.983421325683597,"orthographic":true}