{"cameraMode":{"drawMode":0,"name":"Shaded","section":"Shading Mode"},"sceneLighting":false,"audioPlay":false,"sceneViewState":{"showFog":false,"showMaterialUpdate":false,"showSkybox":false,"showFlares":false,"showImageEffects":false,"showParticleSystems":true},"in2DMode":false,"pivot":{"x":-0.11852502822875977,"y":-0.14498649537563325,"z":0.8534564971923828},"rotation":{"x":0.010433521121740342,"y":-0.11225626617670059,"z":0.0011786905815824867,"w":0.9936238527297974},"size":0.9363600015640259,"orthographic":true}