{"cameraMode":{"drawMode":0,"name":"Shaded","section":"Shading Mode"},"sceneLighting":false,"audioPlay":false,"sceneViewState":{"showFog":false,"showMaterialUpdate":false,"showSkybox":false,"showFlares":false,"showImageEffects":false,"showParticleSystems":true},"in2DMode":false,"pivot":{"x":-0.0999908447265625,"y":8.649999618530274,"z":-6.000000476837158},"rotation":{"x":0.06140558794140816,"y":-0.04257342964410782,"z":0.002626267960295081,"w":0.9972010850906372},"size":53.069305419921878,"orthographic":true}