{"cameraMode":{"drawMode":0,"name":"Shaded","section":"Shading Mode"},"sceneLighting":false,"audioPlay":false,"sceneViewState":{"showFog":false,"showMaterialUpdate":false,"showSkybox":false,"showFlares":false,"showImageEffects":false,"showParticleSystems":true},"in2DMode":false,"pivot":{"x":0.22394919395446778,"y":-0.8183896541595459,"z":-3.870793342590332},"rotation":{"x":-0.12268833816051483,"y":-0.004464899655431509,"z":-0.0005525751039385796,"w":0.992435097694397},"size":1.3954638242721558,"orthographic":true}