{"cameraMode":{"drawMode":0,"name":"Shaded","section":"Shading Mode"},"sceneLighting":false,"audioPlay":false,"sceneViewState":{"showFog":false,"showMaterialUpdate":false,"showSkybox":false,"showFlares":false,"showImageEffects":false,"showParticleSystems":true},"in2DMode":false,"pivot":{"x":-0.09999728202819824,"y":-2.0000007152557375,"z":-5.999990463256836},"rotation":{"x":0.020721670240163804,"y":-0.9567534327507019,"z":0.0704500749707222,"w":0.28147879242897036},"size":8.651284217834473,"orthographic":true}